x1,x2,v1,v2,a1,a2
0.004987623,-0.002345564,-0.009457289,0.0074371123,-0.12855065,0.073608465
0.006119163,-0.0028870334,-0.009525178,0.008150544,-0.15429677,0.09001641
0.006865205,-0.0030836635,-0.008638076,0.0086298175,-0.1694309,0.09929548
0.0068898723,-0.0030997456,-0.010605604,0.010043547,-0.16913888,0.09994402
0.00682491,-0.0029457896,-0.012438127,0.011299971,-0.16646217,0.09810162
0.006800993,-0.002779173,-0.014095229,0.012573575,-0.16480485,0.096221656
0.006637755,-0.002592568,-0.015259235,0.013649805,-0.15985161,0.09267329
0.006395611,-0.002416739,-0.015669707,0.014093395,-0.15302691,0.088461265
0.006221172,-0.0023003905,-0.017624948,0.015220771,-0.14805566,0.08542833
0.006074587,-0.002282229,-0.019216087,0.015943984,-0.1440976,0.083303615
0.0060543916,-0.0022385637,-0.020217432,0.016403796,-0.14219217,0.08208772
0.0059274584,-0.0020820547,-0.021373004,0.01713921,-0.13692589,0.07878256
0.005715597,-0.0018865007,-0.022757912,0.017992249,-0.1297259,0.07444523
0.005530323,-0.0016831211,-0.023890413,0.018737279,-0.123377874,0.07040898
0.005293304,-0.0014609719,-0.02490889,0.019433355,-0.11603802,0.06569834
0.005061048,-0.0012810287,-0.026005432,0.020047054,-0.10949891,0.061637633
0.0048698247,-0.0011022966,-0.026816487,0.02053572,-0.10399514,0.058066424
0.0047216355,-0.0009863757,-0.02723798,0.020714153,-0.100002654,0.055609256
0.0044601467,-0.00081197487,-0.027863612,0.0209264,-0.09331735,0.051568225
0.004143786,-0.00063770683,-0.028809033,0.021285603,-0.085922144,0.04701625
0.0037952808,-0.0004386781,-0.029551951,0.02159952,-0.0777431,0.04171328
0.00345947,-0.00023348167,-0.030239351,0.021922315,-0.06984983,0.03646994
0.0031066302,-2.0317217e-05,-0.031010652,0.022247026,-0.061351135,0.030985981
0.002747767,0.00019017697,-0.031755965,0.022593137,-0.05268884,0.025480332
0.0024152256,0.00038174534,-0.032382045,0.022836883,-0.044555217,0.020399475
0.0021149481,0.0005609178,-0.032795426,0.02293984,-0.0369957,0.015695738
0.001811804,0.0007729642,-0.032998398,0.022983417,-0.028854191,0.01053156
0.0015670168,0.0009586449,-0.033260196,0.02306576,-0.022120945,0.0062188096
0.0013375205,0.0011032574,-0.033528745,0.02308373,-0.015912779,0.002290635
0.0010284203,0.0012465672,-0.033608507,0.022933962,-0.007852683,-0.002647899
0.00068786164,0.0014163821,-0.03375324,0.02281949,0.0010171202,-0.008088566
0.0003517449,0.0015815501,-0.03350999,0.022476643,0.009666085,-0.013409885
1.1985947e-05,0.0017497315,-0.03344232,0.022238078,0.018216569,-0.018650016
-0.00036272552,0.0019545278,-0.033334818,0.0220455,0.027707506,-0.024560554
-0.0007158426,0.0021938656,-0.033067316,0.021853909,0.03696633,-0.030437259
-0.0010299884,0.0024208312,-0.03275871,0.021656498,0.04518288,-0.035616037
-0.0013202735,0.002590706,-0.032585666,0.021429459,0.05233443,-0.039868012
-0.0015973113,0.0027189383,-0.03217666,0.02098098,0.058867652,-0.043691814
-0.0018780598,0.0028610323,-0.031765774,0.02055176,0.065661676,-0.04781009
-0.0021945296,0.003019835,-0.031063614,0.019973367,0.07349613,-0.052630533
-0.0025259624,0.003183978,-0.030309653,0.019371105,0.08169165,-0.057602946
-0.0028611047,0.0033379411,-0.029446665,0.01870272,0.089831,-0.06244889
-0.0031892678,0.0034913726,-0.028583614,0.0180496,0.09782895,-0.06719643
-0.0034994427,0.0036287731,-0.027742054,0.0174025,0.10531904,-0.07157532
-0.0038008946,0.0037499268,-0.0268004,0.016668292,0.11258185,-0.075753674
-0.004078386,0.0038663205,-0.025752215,0.015885867,0.11941991,-0.07964313
-0.004338858,0.0039869784,-0.024526166,0.015020893,0.1260916,-0.0833922
-0.004573422,0.0040999805,-0.023502469,0.014282932,0.13221423,-0.08672817
-0.0047808266,0.0041932277,-0.022375867,0.013483313,0.13760915,-0.089639045
-0.004987432,0.0042838864,-0.021171933,0.012635737,0.14305176,-0.09266047
-0.0052145813,0.00437997,-0.019840335,0.011716465,0.1490324,-0.09605856
-0.0054217256,0.0044520255,-0.01846668,0.010753556,0.15434244,-0.09898811
-0.00561139,0.004509112,-0.017025985,0.009742582,0.15903379,-0.10157484
-0.005781118,0.0045450306,-0.01552781,0.008677182,0.16293555,-0.103731714
-0.0059426795,0.004581759,-0.013895531,0.0075362762,0.16653152,-0.10577014
-0.0060809455,0.004604586,-0.012101473,0.006282557,0.1693859,-0.10736084
-0.006214614,0.004637668,-0.010492476,0.005160946,0.17221709,-0.10894396
-0.0063203103,0.0046694702,-0.008986586,0.0041555017,0.17434575,-0.11012883
-0.006424014,0.004701954,-0.0073738815,0.0030950676,0.17637917,-0.111311495
-0.0065105343,0.0047169942,-0.005758806,0.0020106237,0.17789888,-0.11218957
-0.006572263,0.004711672,-0.0040888004,0.0009040069,0.17877688,-0.11267832
-0.0066265576,0.0046964167,-0.002416866,-0.0002081221,0.17955522,-0.113083445
-0.0066563804,0.0046640574,-0.0005969448,-0.0014037541,0.17976151,-0.1131403
-0.0066715186,0.004624645,0.0012078275,-0.0025850323,0.17972009,-0.11306153
-0.0066616856,0.0045656306,0.0031639668,-0.0038620953,0.17898703,-0.112539165
-0.0066365446,0.0044927904,0.0049965526,-0.005084116,0.17785071,-0.11175038
-0.0065894746,0.0044026864,0.0068681785,-0.00632231,0.1761099,-0.110531405
-0.006512517,0.0043002563,0.0086228885,-0.0074546384,0.1736285,-0.108825125
-0.0064405166,0.004193383,0.0102364635,-0.008508567,0.17124948,-0.10711313
-0.006353629,0.0040786443,0.011905565,-0.009583887,0.1683837,-0.105084814
-0.006245981,0.003954538,0.013493256,-0.010607162,0.16496707,-0.102705516
-0.0061118486,0.003812008,0.015202098,-0.0117106335,0.16082641,-0.09984202
-0.005964701,0.003661754,0.016788611,-0.01274653,0.15640637,-0.0967972
-0.0058034663,0.0035031927,0.01830079,-0.013740765,0.1516801,-0.093553685
-0.0056347055,0.0033425316,0.019692868,-0.014665282,0.14681964,-0.090242505
-0.0054040803,0.0031417522,0.021130113,-0.015613358,0.14024134,-0.08585114
-0.0051836297,0.0029539445,0.022495622,-0.016515227,0.13396578,-0.081725
-0.0049701487,0.0027795348,0.023726862,-0.017323805,0.12787576,-0.07781099
-0.004739508,0.0025990647,0.024947764,-0.0181084,0.12129821,-0.073650986
-0.0044901157,0.0024105674,0.026125375,-0.018852333,0.11419908,-0.0692199
-0.0042268443,0.0022169799,0.02724435,-0.019548023,0.10675054,-0.06460757
-0.0039523733,0.0020172575,0.028250998,-0.020174762,0.099061735,-0.059845533
-0.003679202,0.0018123408,0.029178943,-0.02078146,0.09140604,-0.055065792
-0.0033712985,0.0015916157,0.0300589,-0.021333389,0.08294125,-0.049735073
-0.0030604566,0.0013626287,0.03086506,-0.02185126,0.07441717,-0.044284813
-0.002733447,0.0011251547,0.031576462,-0.022302056,0.06550905,-0.03856863
-0.0024184473,0.00089093973,0.03217058,-0.02268838,0.05692594,-0.033033594
-0.0021068999,0.00065617065,0.03268139,-0.023030695,0.048403613,-0.02754594
-0.0018043757,0.00042486718,0.03306763,-0.023299007,0.040105604,-0.022219548
-0.001504237,0.00020103424,0.033323362,-0.023471594,0.031907707,-0.01700889
-0.0011947462,-2.8721479e-05,0.033548567,-0.023621779,0.023424089,-0.011629955
-0.00087940576,-0.0002656418,0.033728667,-0.023754053,0.0147479465,-0.0061090323
-0.0005503203,-0.0005054398,0.033846505,-0.0238314,0.0057608904,-0.00039201998
-0.00021886123,-0.0007407053,0.03387531,-0.023839083,-0.0032185335,0.0053126263
9.957958e-05,-0.00096488395,0.03379586,-0.023774821,-0.011832045,0.010756403
0.0004253112,-0.0011880136,0.03363981,-0.023643674,-0.020637698,0.01627271
0.0007356016,-0.0014018255,0.033387985,-0.023453925,-0.02904803,0.021515893
0.0010568461,-0.001626714,0.033053976,-0.023227628,-0.03784347,0.026997954
0.0013871597,-0.0018631332,0.032590996,-0.02294053,-0.046940643,0.032698683
0.0017313607,-0.0021098384,0.0319936,-0.022579942,-0.05644595,0.03866284
0.0020313705,-0.0023743063,0.031342667,-0.022191716,-0.06524412,0.04433414
0.0023138162,-0.0026296678,0.030643247,-0.02176634,-0.073573545,0.049738023
0.0025813752,-0.0028718119,0.029875828,-0.021270795,-0.08143683,0.054819696
0.0028449912,-0.0030610142,0.029064445,-0.020816758,-0.088656165,0.05931387
0.0031016648,-0.0032965627,0.027986277,-0.020088505,-0.09609449,0.064143
0.0033515883,-0.0035365536,0.026902672,-0.019364648,-0.103374675,0.068896204
0.0035956346,-0.0037739319,0.02591169,-0.01872735,-0.11045414,0.07357214
0.0038385184,-0.003991142,0.024790103,-0.018032674,-0.11728759,0.078043245
0.004078825,-0.004184246,0.023595443,-0.017283104,-0.123842336,0.082264505
0.0043135164,-0.00435141,0.022333588,-0.016521052,-0.13010943,0.08622206
0.0045205182,-0.0045560524,0.020996325,-0.015621669,-0.13621858,0.090314075
0.0046972577,-0.004724771,0.01966357,-0.014735099,-0.14138173,0.09379081
0.004867345,-0.004866377,0.018306468,-0.0138900485,-0.14617325,0.09694731
0.005022282,-0.005029127,0.01682976,-0.012879082,-0.1508875,0.1001966
0.0051633194,-0.0051671877,0.015329985,-0.011819373,-0.15518141,0.10308866
0.005294064,-0.005281602,0.013801288,-0.01077224,-0.15907827,0.10562977
0.0054050297,-0.0054189283,0.012134976,-0.009595633,-0.1627622,0.10820045
0.005506101,-0.0055359923,0.010367214,-0.008437669,-0.16604309,0.11044473
0.0055768103,-0.00563935,0.008715696,-0.007358091,-0.16857462,0.11220928
0.005655259,-0.005715214,0.0069966083,-0.0063229576,-0.17097682,0.11372702
0.0057021067,-0.005808908,0.0052352496,-0.0051965676,-0.17288297,0.11505202
0.005725078,-0.0058881445,0.0034192365,-0.0040545124,-0.17411841,0.11595828
0.0057397825,-0.0059419516,0.0016663398,-0.002987712,-0.1748663,0.116523504
0.005735561,-0.005980443,-6.380575e-05,-0.0019147357,-0.17503528,0.11676355
0.005715326,-0.006013837,-0.0018428235,-0.000821767,-0.17486434,0.11683962
0.0056692204,-0.0060451906,-0.0037618503,0.00035549238,-0.17415872,0.116692536
0.005604948,-0.006074868,-0.005666594,0.0015572109,-0.17312661,0.11641478
0.0055235163,-0.006079158,-0.0076644183,0.0028620667,-0.17156067,0.11574961
0.0054169004,-0.0060351333,-0.009597537,0.0041096676,-0.16909677,0.11432807
0.0052945917,-0.0059620366,-0.011335802,0.005288457,-0.16600534,0.11239344
0.0051478166,-0.005882055,-0.01309136,0.0065617394,-0.16229865,0.110029936
0.0050060055,-0.005821315,-0.014750743,0.007768879,-0.1587847,0.1078787
0.0048563536,-0.0057384856,-0.016473241,0.008915162,-0.15473759,0.10544657
0.0047013047,-0.005657795,-0.018019289,0.00993708,-0.15058093,0.103027016
0.0044890335,-0.0055789305,-0.019476172,0.010958111,-0.14552519,0.10024116
0.0042589484,-0.0054657287,-0.020903047,0.011952444,-0.13998555,0.09703655
0.004009982,-0.0053075124,-0.022463145,0.012922986,-0.13367142,0.0932405
0.003757749,-0.0051618717,-0.023902534,0.013856002,-0.1274683,0.08945828
0.0034740327,-0.0050181034,-0.025308993,0.014793306,-0.120532505,0.08528853
0.0032181726,-0.0048804814,-0.026562836,0.015562459,-0.11404734,0.0813628
0.002927403,-0.0047343555,-0.0277765,0.016288564,-0.10652837,0.07690142
0.00262654,-0.00457658,-0.028939547,0.0169561,-0.098592244,0.07218465
0.0023074716,-0.0044220467,-0.030025227,0.01761817,-0.09031878,0.067280896
0.002005932,-0.0042633405,-0.030926066,0.01816518,-0.08239346,0.06252155
0.0016845377,-0.0040862914,-0.031768538,0.01865973,-0.07399944,0.057468206
0.0013460382,-0.003906217,-0.03246522,0.01914778,-0.065350994,0.052213408
0.0009945373,-0.0037378191,-0.033074815,0.019629948,-0.05664373,0.046949867
0.0006304026,-0.0035241891,-0.033708427,0.020051721,-0.047109652,0.041017376
0.0002737973,-0.0033187422,-0.03418955,0.02042871,-0.037860934,0.035268646
-8.5636784e-05,-0.0031114987,-0.03455478,0.020748977,-0.028562099,0.029497815
-0.00041369954,-0.0029153153,-0.03482518,0.020958023,-0.020020235,0.02416374
-0.0007430342,-0.0027060166,-0.03496907,0.021093063,-0.01144129,0.01879341
-0.0010720757,-0.002496727,-0.035083562,0.021175321,-0.002868251,0.013418564
-0.0014290691,-0.0022533939,-0.035137825,0.02121637,0.0065690484,0.007498719
-0.0017662769,-0.002038049,-0.035092488,0.02118719,0.015452395,0.0020138156
-0.002100835,-0.0018348956,-0.03490452,0.021051932,0.024179753,-0.003324333
-0.002465428,-0.0016237498,-0.03471571,0.020902678,0.033614427,-0.0090621095
-0.0028485479,-0.0014152036,-0.034411386,0.020736359,0.043397054,-0.01495329
-0.003181248,-0.0012202754,-0.03402975,0.020530414,0.051957097,-0.020109197
-0.0035468584,-0.0009945349,-0.0334734,0.020187067,0.061451204,-0.025900016
-0.0039127134,-0.0007750696,-0.032792933,0.019787818,0.07089436,-0.03159843
-0.004254082,-0.0005513601,-0.03211882,0.019387214,0.07982031,-0.037013426
-0.0045919926,-0.00034706655,-0.03133966,0.01895647,0.08855053,-0.042268034
-0.0049033402,-0.00014873596,-0.030470096,0.018489523,0.09665427,-0.047187917
-0.0051599396,2.865991e-05,-0.029652199,0.018028403,0.103476636,-0.0513871
-0.005427189,0.000214939,-0.028681673,0.017449468,0.11058036,-0.055829156
-0.0056631956,0.00036848497,-0.027737446,0.016866008,0.116767995,-0.059664067
-0.0059207063,0.00050333526,-0.026652437,0.01622764,0.12319511,-0.06357184
-0.006168533,0.00066464546,-0.025458401,0.01547772,0.12970354,-0.06771537
-0.0064013316,0.0008113922,-0.024094706,0.014638412,0.13575257,-0.0715846
-0.006646421,0.0009645049,-0.022697974,0.013777787,0.14217186,-0.07568438
-0.006856458,0.0010874376,-0.021264818,0.012897386,0.14763732,-0.07913046
-0.0070658023,0.0012239339,-0.019743921,0.011966719,0.15319741,-0.08272208
-0.0072571696,0.0013531117,-0.018245978,0.0110438755,0.15841682,-0.08599984
-0.007443153,0.0014790364,-0.016674321,0.010054708,0.16351442,-0.08913207
-0.007593185,0.0015955224,-0.015403964,0.009237124,0.16790007,-0.091806546
-0.0077476227,0.0017007398,-0.013724878,0.008146934,0.17229545,-0.09444072
-0.007878485,0.0017964677,-0.012008013,0.0070441416,0.17611815,-0.09675258
-0.007979138,0.0018760716,-0.01047446,0.0060792128,0.17908359,-0.09855262
-0.008073402,0.0019382647,-0.008930832,0.0051136846,0.18163243,-0.1001271
-0.008139718,0.0019764015,-0.0071889083,0.0040557734,0.1832306,-0.101123996
-0.008195894,0.0020186603,-0.0054506613,0.00298903,0.18465738,-0.102092445
-0.00822232,0.0020615114,-0.0036670356,0.0019233194,0.1854898,-0.102690056
-0.00824592,0.0020774568,-0.0019676874,0.00094838394,0.18595953,-0.10304884
-0.008244659,0.0021107807,-0.00024433504,-6.3992426e-05,0.18606576,-0.10329125
-0.008229611,0.0021204345,0.001527629,-0.0011080296,0.18564129,-0.103188835
-0.008189204,0.002125716,0.0034258545,-0.0022285697,0.18469392,-0.10282764
-0.00813098,0.0021211153,0.005271118,-0.003316611,0.18335558,-0.102218784
-0.008047254,0.0020986313,0.0072254566,-0.0044650235,0.18135059,-0.10118942
-0.007941304,0.0020579633,0.009039318,-0.005531774,0.17885259,-0.09979795
-0.007823268,0.002010378,0.010710558,-0.0065457923,0.17613722,-0.09823214
-0.0076915533,0.0019619882,0.0122866845,-0.0075187986,0.17318751,-0.09650685
-0.0075519276,0.0018920089,0.013863718,-0.008492546,0.16990134,-0.09452372
-0.0074041635,0.0018138986,0.015369214,-0.009430435,0.16633987,-0.092354864
-0.0072377687,0.00172434,0.01687967,-0.010364009,0.16225131,-0.0898498
-0.0070722424,0.0016177921,0.01838509,-0.01125219,0.15785493,-0.08711229
-0.0068684006,0.001510916,0.019996496,-0.012174064,0.15257172,-0.083915174
-0.006655188,0.001419665,0.021468442,-0.013007217,0.14718734,-0.08078464
-0.0064207194,0.0013250428,0.022875119,-0.013774599,0.14143692,-0.07741007
-0.006190873,0.0012216907,0.024205994,-0.014507278,0.13569959,-0.0740076
-0.0059239515,0.0011172922,0.025517354,-0.015214368,0.1292688,-0.070256345
-0.0056445315,0.0009836333,0.026748057,-0.015873663,0.12222506,-0.0661083
-0.005345553,0.00081347197,0.027997287,-0.016521415,0.11451879,-0.061426327
-0.0050083264,0.0006581225,0.029119141,-0.0171242,0.106178895,-0.05650377
-0.0047060177,0.0005103245,0.030091735,-0.017663442,0.09869514,-0.052039657
-0.0043264036,0.00032702138,0.031115895,-0.018195141,0.08930856,-0.046400554
-0.0039526694,0.00013741874,0.03202669,-0.01866813,0.0801001,-0.04081951
-0.0036130126,-3.2264332e-05,0.032755442,-0.01905299,0.07168427,-0.035737287
-0.0032877966,-0.0002433481,0.033391144,-0.019309724,0.06316114,-0.030386748
-0.0029591946,-0.0004123446,0.033920545,-0.019565264,0.054901693,-0.025387079
-0.0026072974,-0.00057718484,0.034400247,-0.019767411,0.0462026,-0.020132681
-0.0022469796,-0.00074939104,0.034829345,-0.019945608,0.037242524,-0.014689024
-0.0018907521,-0.000917071,0.035145048,-0.0200647,0.028438967,-0.009355501
-0.0015258552,-0.0011065319,0.035411637,-0.020145688,0.019257676,-0.0037309346
-0.0011645091,-0.0013156558,0.03559275,-0.020174025,0.009980756,0.0020266008
-0.0007695219,-0.0015246316,0.035647586,-0.020152656,0.00010006153,0.008055732
-0.0003904453,-0.0017241355,0.035577714,-0.020039462,-0.009368085,0.01375325
9.967785e-06,-0.0019206151,0.035432924,-0.019868467,-0.01920589,0.019586027
0.00038866693,-0.0021037096,0.03516924,-0.01962684,-0.028541911,0.025060907
0.00077184546,-0.0022989989,0.034831025,-0.019347215,-0.038169492,0.030756788
0.0011126321,-0.0024559675,0.034417268,-0.019017242,-0.046565052,0.03565581
0.0014887388,-0.0026285073,0.03387961,-0.018607339,-0.05580248,0.041080996
0.001855495,-0.002797976,0.03321448,-0.018111339,-0.06488095,0.046400953
0.002214595,-0.002960216,0.032479342,-0.017571699,-0.07370119,0.051557753
0.0025838001,-0.0031222305,0.03165201,-0.016991224,-0.08273562,0.056850687
0.0028997094,-0.003254881,0.030886246,-0.016470894,-0.09037402,0.06129657
0.003221735,-0.003387979,0.02996514,-0.015841246,-0.09812716,0.06581717
0.0035303696,-0.0035208685,0.02899328,-0.015167743,-0.105548084,0.07015442
0.003821348,-0.0036389055,0.027958183,-0.014471337,-0.11244559,0.07417564
0.004074087,-0.003785433,0.026851347,-0.0135917105,-0.118824,0.078112155
0.004336026,-0.0038958513,0.025703158,-0.012745264,-0.12512745,0.081797995
0.0046137944,-0.004000095,0.024418661,-0.011847357,-0.13178794,0.085632525
0.004855248,-0.0040970207,0.02316289,-0.010929554,-0.13765803,0.08906085
0.0050843637,-0.0041841296,0.021840231,-0.009982264,-0.14321074,0.092295796
0.005301081,-0.004247035,0.020453636,-0.009036631,-0.14830613,0.09518677
0.0054976745,-0.004311766,0.019024072,-0.008031049,-0.1530401,0.09790421
0.0056738113,-0.00435101,0.017617539,-0.007063781,-0.15710665,0.10013888
0.0058496576,-0.0043954123,0.015970888,-0.005959847,-0.16117422,0.10235675
0.0060037537,-0.004430866,0.014372419,-0.0049094404,-0.1646237,0.104196
0.00616274,-0.0044688717,0.012557307,-0.0037563506,-0.16813174,0.106057495
0.0062891347,-0.004487351,0.010803571,-0.002641904,-0.17073068,0.107361354
0.0064095077,-0.0044879215,0.009011593,-0.0015359035,-0.17302805,0.108444385
0.006520549,-0.004487663,0.0071161035,-0.0003695055,-0.17515482,0.10944921
0.0066165132,-0.0044919695,0.005126619,0.0008943692,-0.1771215,0.11042107
0.0066813747,-0.0044491435,0.0032541913,0.0020106211,-0.17803374,0.11063107
0.0067111454,-0.0044103665,0.0014344968,0.0031973044,-0.1783724,0.110553995
0.0067202644,-0.0043237056,-0.0003195289,0.0042894725,-0.17786689,0.10983935
0.0067151506,-0.004235865,-0.0021154508,0.005411518,-0.17702019,0.108958505
0.006697582,-0.004139944,-0.0038678793,0.0064835763,-0.17570464,0.10781769
0.006656281,-0.0040303813,-0.0057124817,0.0076275067,-0.17367187,0.10623647
0.0066114515,-0.0039103124,-0.007615951,0.008770563,-0.1714351,0.104529716
0.006528241,-0.0037851194,-0.009483045,0.009984355,-0.16843686,0.10245717
0.006433982,-0.003633813,-0.011292522,0.011105866,-0.16502443,0.10007972
0.0063266614,-0.003484021,-0.01294559,0.012133046,-0.16142453,0.09756963
0.0061810366,-0.0033168958,-0.014533194,0.01312245,-0.15692312,0.0944914
0.006016452,-0.0031274578,-0.016229467,0.0141621325,-0.15185225,0.091000445
0.005849311,-0.0029334205,-0.017866295,0.015173696,-0.14667787,0.087390125
0.005684704,-0.0027454179,-0.019269235,0.01606286,-0.1414849,0.083797716
0.005488697,-0.0025544155,-0.020703096,0.01702425,-0.13548507,0.079821356
0.005308489,-0.0023487648,-0.022073383,0.017817201,-0.12956333,0.075854614
0.005103491,-0.0021308567,-0.023454115,0.018627584,-0.12300385,0.07154066
0.004853783,-0.0019135235,-0.024730375,0.019444007,-0.115658954,0.06686649
0.004631595,-0.0016662182,-0.025836462,0.020057453,-0.1087273,0.062290635
0.004353403,-0.0014102589,-0.027007828,0.02077179,-0.100487694,0.056977548
0.004068396,-0.0011354511,-0.028163718,0.021389334,-0.09188509,0.051368374
0.0037970734,-0.0008757097,-0.029171113,0.021892313,-0.08377512,0.046071433
0.0035102763,-0.00061525416,-0.030121893,0.022328362,-0.07531448,0.04057039
0.0032125467,-0.00035136196,-0.030941367,0.02270362,-0.066600144,0.034910873
0.0029336105,-8.692354e-05,-0.031566687,0.022997748,-0.05838423,0.029509874
0.0026715968,0.00013825213,-0.03192527,0.023239236,-0.05092572,0.024681369
0.0023741492,0.00040619372,-0.03225558,0.023358002,-0.042354178,0.019083064
0.0020786447,0.0006644799,-0.03252552,0.023481108,-0.03403053,0.0136173135
0.0017567629,0.00094039645,-0.032850564,0.023657843,-0.025060538,0.007696922
0.0014387856,0.001221218,-0.033121746,0.023757705,-0.01614049,0.0017704102
0.00113685,0.0014967424,-0.033279214,0.023784544,-0.007558878,-0.003908587
0.000822958,0.0017431277,-0.033293795,0.023783823,0.0010601794,-0.009465927
0.0005280458,0.0020143099,-0.033271663,0.023647536,0.009626941,-0.015095106
0.00020184605,0.002281459,-0.03315721,0.023462296,0.018853165,-0.021085827
-0.00010496385,0.0025407458,-0.032870874,0.023165157,0.02761167,-0.026829887
-0.00039808103,0.0028196012,-0.03258696,0.022826374,0.03625209,-0.032617662
-0.0006860496,0.0030469256,-0.032214083,0.0225475,0.04430752,-0.037870154
-0.0009788144,0.0033177796,-0.03178521,0.022167955,0.052875984,-0.043553777
-0.0012696123,0.0035646341,-0.031206232,0.021763857,0.0610611,-0.048931923
-0.001522336,0.0037464662,-0.030435853,0.021232378,0.067788914,-0.053209096
-0.0018093415,0.0039645163,-0.029535748,0.020543791,0.07563602,-0.058253836
-0.0020509546,0.004168164,-0.028713042,0.019904433,0.082430355,-0.06265985
-0.0022919877,0.0043407734,-0.027772455,0.019224036,0.08885556,-0.066693805
-0.0025250374,0.004516347,-0.026828177,0.018534979,0.09520217,-0.07069838
-0.0027784787,0.0047083865,-0.025950877,0.017889148,0.10227799,-0.07512275
-0.0030574456,0.004878051,-0.024965623,0.017233558,0.109628566,-0.07953107
-0.0032745004,0.005065622,-0.023970643,0.016535519,0.11589258,-0.083492905
-0.0034996697,0.0052474267,-0.022707138,0.01570973,0.122347325,-0.08756706
-0.003677313,0.0054222043,-0.02154932,0.014949918,0.12780198,-0.09109645
-0.0038431957,0.005602399,-0.020266535,0.014120002,0.13308099,-0.094567835
-0.004028432,0.005782162,-0.018826287,0.013168371,0.13882005,-0.09832408
-0.0041897288,0.0059015574,-0.017487831,0.012271923,0.14344786,-0.101206675
-0.0043354197,0.005977195,-0.016158296,0.0113594355,0.14731199,-0.103490606
-0.0044732355,0.0060639572,-0.014732486,0.010384552,0.15105687,-0.10578266
-0.0045924825,0.0061445306,-0.01324344,0.00938252,0.15424697,-0.10779815
-0.004690386,0.0062258053,-0.011883426,0.008431119,0.15704085,-0.10956968
-0.004803426,0.006295438,-0.010446164,0.0074491384,0.15991922,-0.11134842
-0.00489966,0.0063457787,-0.00904327,0.0064685624,0.16230111,-0.11276446
-0.004981826,0.0063820723,-0.007579278,0.00548952,0.16428225,-0.113923766
-0.005066931,0.0064249835,-0.006183646,0.004561251,0.16636887,-0.11519702
-0.0051061,0.006489751,-0.0045754267,0.0034903276,0.16765253,-0.11618494
-0.005148208,0.006537607,-0.0030900254,0.0025317713,0.168733,-0.11697757
-0.0051747328,0.0065701976,-0.0015756208,0.0015738204,0.1693298,-0.117457926
-0.0051967055,0.006602529,-4.1835447e-05,0.00056289684,0.1698453,-0.11787888
-0.0052017733,0.006603049,0.0018309688,-0.0006807775,0.16967034,-0.11770709
-0.005197452,0.0065812543,0.0034209152,-0.0017426986,0.16917679,-0.11731691
-0.0051653916,0.00654035,0.0050009293,-0.0027659354,0.1680099,-0.11648904
-0.0051112315,0.006504542,0.0066074105,-0.0038092798,0.16655399,-0.11557259
-0.0050312546,0.0064586448,0.008291536,-0.004906336,0.16454995,-0.114382856
-0.004936216,0.0063755615,0.009919465,-0.0059278067,0.16195211,-0.11272541
-0.0048209787,0.006336519,0.01145669,-0.0069617447,0.15944155,-0.11134835
-0.0047224653,0.0062370845,0.012915616,-0.007929587,0.15673704,-0.1095398
-0.0046163527,0.006130269,0.014358828,-0.008896399,0.15382646,-0.1075531
-0.00449727,0.006020686,0.0157228,-0.009824441,0.1506209,-0.10535403
-0.0043523023,0.005898464,0.017134212,-0.010765582,0.14671212,-0.102665104
-0.004216879,0.005779717,0.018403554,-0.011627905,0.14286758,-0.10005049
-0.004047458,0.005629098,0.019801967,-0.012547316,0.13801491,-0.09680825
-0.0038664942,0.0054693804,0.021132132,-0.013433667,0.13271335,-0.09336623
-0.0036635962,0.005320487,0.022341145,-0.01422127,0.12718043,-0.08984986
-0.0034651516,0.0051437286,0.023565944,-0.015036209,0.121376775,-0.08613409
-0.0032507663,0.00496758,0.024719015,-0.015790615,0.115271315,-0.08218272
-0.003008073,0.00477055,0.02584596,-0.01652785,0.108359344,-0.07773891
-0.002777239,0.004584778,0.026836645,-0.017193671,0.10191633,-0.07356067
-0.0025211177,0.0043764245,0.027820453,-0.01788309,0.09468196,-0.06890138
-0.002238987,0.0041670785,0.028714484,-0.018518068,0.086855054,-0.06398263
-0.0019706676,0.0039439653,0.029555762,-0.019085305,0.07933082,-0.05915301
-0.001695907,0.0037216546,0.030318972,-0.019603599,0.07155351,-0.05419126
-0.0014067368,0.0034829115,0.031013856,-0.020104993,0.06330147,-0.048910547
-0.0011072148,0.0032337727,0.031664655,-0.020535348,0.054778177,-0.043428406
-0.00079774484,0.0029779007,0.032218635,-0.020915184,0.04599879,-0.037773505
-0.00049118267,0.002716603,0.03267046,-0.02124542,0.03723675,-0.03209293
-0.00017166526,0.002447583,0.033034958,-0.02153815,0.028164804,-0.02620832
0.00013744872,0.0021815228,0.033289578,-0.021734567,0.019327026,-0.020463828
0.0004469811,0.0019663854,0.033404633,-0.021880973,0.010983461,-0.015228686
0.000754232,0.0017048472,0.033447716,-0.021969764,0.0021574013,-0.009544972
0.0010506846,0.0014502859,0.033431385,-0.02203066,-0.0064515313,-0.0039978633
0.0013718879,0.0011720462,0.033346012,-0.022070576,-0.015808258,0.0020443248
0.0016706198,0.0009139357,0.033166196,-0.022045743,-0.024507295,0.007673899
0.0019832463,0.0006592341,0.032874327,-0.021935234,-0.03349203,0.013414272
0.002280593,0.00041755286,0.03250119,-0.0217601,-0.042030707,0.018845977
0.002603808,0.00018946492,0.032010783,-0.021537514,-0.05099094,0.024420928
0.0029016081,-4.4535074e-05,0.031345278,-0.021148454,-0.059491664,0.02980108
0.003224954,-0.00029040934,0.030622538,-0.020697713,-0.06865532,0.03555629
0.0035369068,-0.00052284356,0.029928597,-0.020247266,-0.0774545,0.04105538
0.0038337866,-0.0007527063,0.029104462,-0.01971423,-0.08582832,0.04630969
0.0041013146,-0.0009727918,0.02832872,-0.019219108,-0.09338734,0.051152978
0.004377338,-0.0012091902,0.027361209,-0.01865672,-0.10118161,0.056218244
0.0046256147,-0.0014316685,0.026343696,-0.018077403,-0.10816857,0.06082967
0.004879809,-0.0016507984,0.025141738,-0.017392306,-0.11525914,0.06547524
0.005113051,-0.0018449553,0.023890547,-0.016698444,-0.12169067,0.0696888
0.005330325,-0.0020387059,0.022710666,-0.016009625,-0.12782025,0.073766075
0.0055392347,-0.0022178018,0.021482144,-0.015240261,-0.13366272,0.07763655
0.00573619,-0.0023879341,0.020176502,-0.014403844,-0.13923945,0.08129826
0.0059299297,-0.0025675183,0.018714638,-0.013459504,-0.14489478,0.085009806
0.006095979,-0.002727741,0.017304875,-0.012537389,-0.14985715,0.08828186
0.0062483996,-0.0028721034,0.015759183,-0.011540604,-0.1544106,0.09127085
0.0063918484,-0.0030221064,0.01410824,-0.010471513,-0.15883942,0.09421005
0.006516573,-0.0031592147,0.012517511,-0.009458658,-0.16277896,0.09682309
0.0066127507,-0.003289948,0.010969333,-0.008489159,-0.16600506,0.099047564
0.0066864286,-0.0034107175,0.009334955,-0.007484992,-0.16858989,0.10090187
0.0067435303,-0.0035138193,0.0076284204,-0.0064588822,-0.17057368,0.10233746
0.0068048197,-0.0036044582,0.0057137986,-0.005327787,-0.17248984,0.10366553
0.006843017,-0.0036860479,0.0038061652,-0.0041914857,-0.1738477,0.104682155
0.0068606595,-0.0037562556,0.0019104874,-0.003066513,-0.17472135,0.1054461
0.006859723,-0.0038236463,-1.4967693e-05,-0.0019115743,-0.17525002,0.106074475
0.0068456787,-0.003891983,-0.0020610648,-0.0006883978,-0.17560345,0.10668364
0.0068166777,-0.003907408,-0.0037270787,0.00027235737,-0.17523941,0.10668155
0.0067216503,-0.0039230012,-0.0054792496,0.0013711964,-0.17373273,0.106069274
0.006599286,-0.0039199614,-0.0072729513,0.0025138203,-0.17151524,0.10497747
0.0064852317,-0.0039014374,-0.009021275,0.0036121563,-0.16902132,0.10367735
0.006379127,-0.0038961861,-0.010821291,0.004719146,-0.16652302,0.10239717
0.00625446,-0.0038655335,-0.012534484,0.0057380577,-0.16334975,0.100692
0.0061068567,-0.0038229588,-0.01426896,0.0067826463,-0.15973733,0.09872219
0.00594435,-0.0037556062,-0.01586341,0.007755585,-0.15564653,0.096387446
0.005755217,-0.0036838353,-0.01758742,0.008823966,-0.1509662,0.09374753
0.005552703,-0.0036015436,-0.019236073,0.009846303,-0.14601384,0.09089404
0.005312753,-0.0035040623,-0.020840464,0.01085867,-0.14037336,0.08755722
0.0050511095,-0.0033924591,-0.022385215,0.011861275,-0.13423052,0.08386061
0.004783007,-0.0032795442,-0.02396262,0.012880582,-0.12785171,0.08008885
0.0045848596,-0.0031495143,-0.025905408,0.014010961,-0.122573555,0.076821044
0.004329147,-0.003024321,-0.02707165,0.014717817,-0.11610321,0.07306212
0.0040363465,-0.0028900162,-0.028189544,0.015427455,-0.10877308,0.068917945
0.0037205594,-0.0027225148,-0.029387897,0.01619066,-0.10070134,0.06432189
0.0034094853,-0.0025834125,-0.03035673,0.016839381,-0.09313196,0.060084805
0.0030937092,-0.002429272,-0.03125699,0.017381169,-0.08530716,0.05554884
0.0027535092,-0.0022525936,-0.03216712,0.01791184,-0.07669815,0.0503362
0.0023847779,-0.0020841286,-0.0329011,0.018414002,-0.06766447,0.044788983
0.002019137,-0.0019087584,-0.033521496,0.018881535,-0.058723822,0.03913826
0.0016368366,-0.0017268416,-0.034180366,0.019372076,-0.049369622,0.033210643
0.0012682342,-0.0015642332,-0.034585103,0.019714978,-0.04051496,0.027636886
0.0009117414,-0.001380859,-0.034901045,0.01995312,-0.031657375,0.02205096
0.00052271417,-0.0011801089,-0.035230264,0.02019533,-0.021979406,0.016092459
0.00013994364,-0.0009801852,-0.035445966,0.020333888,-0.012408852,0.010244949
-0.00026719586,-0.0007928633,-0.03556548,0.020412873,-0.0024067508,0.004272039
-0.00059402455,-0.0006525775,-0.03569819,0.020497058,0.005575627,-0.0004444326
-0.0009732926,-0.00047012008,-0.03564997,0.02049861,0.015052148,-0.00603807
-0.0013248792,-0.00031266772,-0.035454296,0.020421311,0.023822427,-0.011147434
-0.0017109762,-9.1276175e-05,-0.035211585,0.02024629,0.03393713,-0.017154558
-0.0020857546,6.873828e-05,-0.034888312,0.020087501,0.0431371,-0.02236597
-0.002433365,0.00023103655,-0.034430064,0.019851822,0.051718857,-0.027318273
-0.0028116372,0.00039902749,-0.033832747,0.019542782,0.06099505,-0.03266519
-0.0031964069,0.00058475137,-0.03316351,0.019208435,0.07050112,-0.038204968
-0.003557079,0.0007506566,-0.032450635,0.01884388,0.07921623,-0.043280706
-0.0038749543,0.00090973696,-0.0316891,0.018387232,0.08698357,-0.04784916
-0.004217853,0.0010939123,-0.030731132,0.017837744,0.09545343,-0.053003136
-0.004553097,0.001257927,-0.029715156,0.017276363,0.103539124,-0.057895336
-0.0048737456,0.001384564,-0.028525991,0.016614422,0.11102776,-0.062332198
-0.005175634,0.0014982064,-0.02737845,0.015953632,0.1180773,-0.06645991
-0.005442971,0.0015935726,-0.026261922,0.015282659,0.12435591,-0.07000758
-0.005708937,0.0016742547,-0.02537561,0.014767735,0.13048612,-0.07346918
-0.005985053,0.0017605838,-0.02400068,0.013951368,0.13688241,-0.07712362
-0.006248963,0.0019018599,-0.022582078,0.013053919,0.14357005,-0.081207745
-0.0065034954,0.0019900245,-0.021090712,0.012140834,0.14965394,-0.08465952
-0.006749789,0.002106452,-0.019518953,0.011132462,0.15591566,-0.088342495
-0.006946784,0.0021873335,-0.018159952,0.010248645,0.16080326,-0.09109736
-0.0071219066,0.0022772215,-0.016511872,0.009158398,0.16532873,-0.09370852
-0.007298751,0.00233143,-0.014963661,0.008176399,0.16958833,-0.09601633
-0.0074516376,0.002387176,-0.013480202,0.007234427,0.17335702,-0.09809736
-0.00761418,0.0024225332,-0.011763049,0.0062020137,0.17707175,-0.10007793
-0.0077154017,0.0024827584,-0.010106224,0.0051374,0.1798135,-0.101663284
-0.007817517,0.0024981878,-0.008482792,0.0041691824,0.1819211,-0.10280503
-0.00790773,0.0025064452,-0.0066347974,0.0030832468,0.18356535,-0.10371573
-0.007964451,0.0025334354,-0.004790571,0.0019552645,0.18480764,-0.104454115
-0.0079921065,0.0025602244,-0.003002489,0.00088673935,0.18539125,-0.10488013
-0.008022279,0.002537829,-0.0013189379,-6.2002015e-05,0.18561889,-0.10492693
-0.008041598,0.0025020572,0.00040657018,-0.0010174027,0.18552606,-0.104742445
-0.0080554625,0.0024539037,0.0021900355,-0.0020338215,0.18526722,-0.10444452
-0.008021996,0.0024303137,0.003861759,-0.0030760877,0.18430175,-0.103910014
-0.007993454,0.0023568366,0.00573305,-0.0041796514,0.18297523,-0.10296186
-0.007925812,0.002312507,0.0074201603,-0.005234976,0.18119992,-0.10196005
-0.0078603085,0.002234389,0.009019624,-0.0062247533,0.1791372,-0.100615166
-0.0077641555,0.0021579512,0.010608891,-0.007235137,0.17655908,-0.09903876
-0.0076621766,0.0020594774,0.01222996,-0.008271509,0.17365688,-0.09720678
-0.007542349,0.0019358621,0.013843249,-0.009250837,0.17016472,-0.09492063
-0.007387345,0.0018433834,0.0154439565,-0.010233206,0.16618969,-0.09247815
-0.007233156,0.0017589009,0.016953597,-0.011164849,0.16223933,-0.09007766
-0.0070733996,0.0016517016,0.018430818,-0.012050264,0.1579531,-0.08738048
-0.0068931608,0.0015416769,0.019897802,-0.012928674,0.15317035,-0.084424354
-0.006715447,0.0014004458,0.02129704,-0.013737892,0.14805005,-0.08118659
-0.006493106,0.0012424901,0.022752412,-0.014615339,0.14192672,-0.077373624
-0.006265177,0.0010809288,0.024082415,-0.015423302,0.13559644,-0.07346356
-0.006046685,0.0008885703,0.025333973,-0.016176732,0.12919511,-0.06939073
-0.0058220285,0.0006907071,0.026499834,-0.016857145,0.1226729,-0.06517893
-0.0055810492,0.0005043979,0.027555715,-0.017486498,0.11603608,-0.0609355
-0.0053285197,0.00032500745,0.028535295,-0.018071791,0.10926928,-0.0566386
-0.0050498345,0.0001570452,0.029491127,-0.018633373,0.10211537,-0.05215273
-0.004753367,-2.3002867e-06,0.03037427,-0.019199088,0.09462968,-0.047534835
-0.0044622766,-0.00016672708,0.031169405,-0.019697437,0.08718456,-0.042910922
-0.0041577504,-0.00034471945,0.03190649,-0.0201427,0.07932036,-0.037985213
-0.0038287002,-0.00052983745,0.03261332,-0.020561865,0.07091483,-0.032715194
-0.0035119627,-0.0007259323,0.03324061,-0.020955654,0.06266517,-0.027484583
-0.003207334,-0.0009808901,0.033801198,-0.021229928,0.05407956,-0.021785585
-0.0028766685,-0.0011825586,0.034188423,-0.021487178,0.045595024,-0.016449526
-0.0025491936,-0.0013961201,0.0344991,-0.02166474,0.037021436,-0.011058373
-0.002195519,-0.0016177216,0.03475142,-0.021820664,0.027842395,-0.005379058
-0.0018374684,-0.0018339427,0.034935307,-0.021922933,0.018548328,0.00031592196
-0.0014891283,-0.0020548783,0.03502948,-0.021937888,0.009427708,0.0059046578
-0.0011593422,-0.0022471966,0.035020635,-0.021943113,0.0009377226,0.011011681
-0.00079777837,-0.0024610136,0.034919113,-0.021895641,-0.008491233,0.016708044
-0.00044389663,-0.002674407,0.03476752,-0.021835238,-0.017756391,0.022377951
-8.123538e-05,-0.0028769276,0.03447513,-0.02166072,-0.027110633,0.028068177
0.00025739515,-0.003101755,0.034122203,-0.021398073,-0.03621729,0.033721257
0.00060340663,-0.003308167,0.03365786,-0.021144023,-0.04531513,0.039256733
0.0009382527,-0.0035202347,0.033098422,-0.020796409,-0.054258507,0.04472234
0.0012484019,-0.0037130266,0.032469314,-0.020384125,-0.06249831,0.04971701
0.0015673437,-0.0038988055,0.031754527,-0.019929135,-0.07079361,0.054696355
0.0019058066,-0.0041046795,0.030891567,-0.019359631,-0.07962942,0.060073625
0.002246717,-0.0043049264,0.02992696,-0.018777914,-0.08839548,0.06540793
0.002538373,-0.0044774795,0.028927142,-0.01817432,-0.095832214,0.06995333
0.0028101006,-0.0046579563,0.027835054,-0.017469354,-0.10300969,0.07444244
0.003073366,-0.004842434,0.026764564,-0.016781766,-0.11006854,0.07891922
0.0033347367,-0.0049971477,0.025628569,-0.016126245,-0.11677672,0.08309259
0.0035972283,-0.0051491363,0.024331743,-0.015377418,-0.123537675,0.08726891
0.0038196845,-0.005316454,0.022971587,-0.01447686,-0.1296378,0.09118664
0.004033677,-0.0054523326,0.02164068,-0.0136561105,-0.13530615,0.094710276
0.0042285454,-0.0055761123,0.020311158,-0.012879787,-0.14048408,0.097917885
0.00441086,-0.0056851604,0.018945642,-0.01206785,-0.1453285,0.100878485
0.0045885067,-0.005791604,0.017501136,-0.011149524,-0.15013492,0.10376722
0.004762388,-0.005881858,0.015892234,-0.010102106,-0.1547075,0.106440455
0.004921865,-0.0059880363,0.014256932,-0.008952307,-0.15909274,0.10911302
0.005075082,-0.006059373,0.012541963,-0.007826634,-0.16288964,0.111322746
0.0051821093,-0.0061468263,0.010923322,-0.006695805,-0.16589287,0.11323364
0.0052801888,-0.00620825,0.009240445,-0.005625842,-0.16846432,0.11479037
0.0053727324,-0.0062603354,0.007405254,-0.004507736,-0.17084533,0.1161696
0.005443602,-0.0062931934,0.0055870083,-0.0034116642,-0.17262895,0.117110565
0.0054977965,-0.0063246484,0.0037108946,-0.002280974,-0.17406565,0.117847376
0.0055188425,-0.0063405186,0.0019025579,-0.0011515033,-0.17466994,0.11811112
0.00551603,-0.0063376664,0.00015506803,-1.2447912e-05,-0.17467925,0.11802903
0.0055120056,-0.006316508,-0.0017930301,0.0011991507,-0.17448133,0.117810056
0.0054922416,-0.0063057924,-0.0036245305,0.0023573884,-0.17396234,0.11754366
0.0054663173,-0.0062800786,-0.005351023,0.0034037235,-0.17305698,0.1170698
0.005397509,-0.006237273,-0.0071860193,0.0045510936,-0.17110513,0.11595286
0.005306246,-0.0061737807,-0.00899696,0.005672242,-0.16860768,0.114463456
0.0051998603,-0.0061058663,-0.010721374,0.0067281784,-0.16579382,0.11277925
0.0050626183,-0.006034374,-0.012565428,0.007872821,-0.16228852,0.11068675
0.0049261637,-0.0059454436,-0.014308246,0.008915349,-0.15855272,0.10841277
0.0047712633,-0.0058444254,-0.015945856,0.009954479,-0.15436336,0.10582776
0.004609633,-0.0057290494,-0.017548569,0.010963732,-0.15000898,0.10303959
0.00442288,-0.0055924472,-0.019258162,0.012031411,-0.14503127,0.09987455
0.004213796,-0.005467312,-0.020780722,0.013034673,-0.13966519,0.096560165
0.004021074,-0.0053348127,-0.022081057,0.013858484,-0.13442835,0.09333428
0.0037950224,-0.0051788976,-0.023437725,0.014739828,-0.1281617,0.089522764
0.0035552387,-0.005015244,-0.024779838,0.01559335,-0.12160439,0.08556662
0.003309138,-0.0048515005,-0.025976406,0.016360955,-0.114939585,0.08158523
0.0030722409,-0.0046782135,-0.027097117,0.017096592,-0.108378574,0.07760778
0.002813095,-0.004489005,-0.028178731,0.017777653,-0.10107831,0.07314342
0.0025450871,-0.0042885495,-0.02912421,0.018399766,-0.093530566,0.068437815
0.0022778502,-0.0040874686,-0.029991742,0.018975116,-0.085986905,0.06367141
0.001972273,-0.0038744383,-0.030850004,0.019535886,-0.077564456,0.058335632
0.0016703753,-0.003659141,-0.031651147,0.02005577,-0.06929281,0.053034365
0.0013722067,-0.0034392697,-0.03231966,0.020506121,-0.061083607,0.047743015
0.0010758647,-0.0032290267,-0.032745402,0.020795744,-0.0530107,0.042538464
0.0007816021,-0.003032784,-0.033128463,0.021046616,-0.045163058,0.037507176
0.0004571617,-0.0027914704,-0.03355812,0.021343248,-0.03639639,0.03182965
0.0001413165,-0.0025379455,-0.033935253,0.021619694,-0.027717572,0.026167167
-0.00018794341,-0.0022900235,-0.034201417,0.021877853,-0.018795924,0.020449111
-0.0004907585,-0.0020408903,-0.034314692,0.021992013,-0.0103227915,0.014950401
-0.0008310459,-0.0017642813,-0.034380473,0.022049168,-0.0008463033,0.008851914
-0.001142455,-0.001531252,-0.034343593,0.022091396,0.0077071916,0.0034050248
-0.0014840133,-0.0012597399,-0.03430295,0.022099122,0.017218363,-0.0026613153
-0.001804035,-0.0010070218,-0.03409519,0.022017647,0.026214782,-0.008390932
-0.0020796738,-0.0007740621,-0.033900093,0.021972094,0.034125764,-0.013451246
-0.0024220056,-0.0004900787,-0.033519343,0.021811081,0.04383415,-0.019657591
-0.0027515853,-0.00024146758,-0.033066813,0.02159723,0.053015377,-0.025446853
-0.0030967603,1.3146731e-05,-0.032566268,0.021305928,0.062478043,-0.031365853
-0.0034254976,0.00023482683,-0.03192504,0.020966483,0.07121591,-0.03677061
-0.0037116832,0.0004580623,-0.03115569,0.020460708,0.07911775,-0.04178727
-0.004025435,0.000702724,-0.030325972,0.019933833,0.0877972,-0.047290016
-0.004294576,0.00091588765,-0.029490922,0.01945245,0.095213056,-0.05201481
-0.004561646,0.0011260821,-0.02854325,0.018899368,0.10254439,-0.056724183
-0.0048155203,0.0013463639,-0.027545182,0.018308682,0.10969542,-0.061429843
-0.0050384426,0.0015408396,-0.02627837,0.01756684,0.11598477,-0.06555262
-0.005236711,0.0017355604,-0.02507299,0.016852494,0.12177423,-0.06945362
-0.0054648537,0.001944051,-0.023847437,0.016134242,0.12844804,-0.07384513
-0.0056745037,0.0021141819,-0.022700105,0.015465337,0.1344558,-0.07767309
-0.005889406,0.0023051265,-0.021405123,0.014663388,0.14076275,-0.08180579
-0.0060862624,0.0024669685,-0.020054627,0.013773545,0.14641374,-0.085427165
-0.006276407,0.0026283234,-0.018667383,0.01287148,0.15198888,-0.08902054
-0.00643369,0.0027508421,-0.017165452,0.011878617,0.15651442,-0.0918791
-0.0065518734,0.0028676286,-0.015583294,0.010858823,0.16021213,-0.094286025
-0.0066791233,0.0029938829,-0.013995984,0.00984014,0.16422845,-0.09693497
-0.0068090144,0.003135622,-0.012314546,0.0087927785,0.16834381,-0.09975304
-0.0069137914,0.0032488923,-0.010765547,0.0078402925,0.17162493,-0.10196927
-0.007008913,0.003360727,-0.009067389,0.006767021,0.17466973,-0.104095705
-0.007072499,0.0034577823,-0.007395303,0.0057340306,0.17685139,-0.10569345
-0.007117365,0.0035369887,-0.00578563,0.0047606328,0.17835319,-0.10687222
-0.007139926,0.0036095139,-0.004019094,0.0036996782,0.17929159,-0.107726954
-0.0071652,0.003665892,-0.001999504,0.0024745278,0.18011568,-0.10842793
-0.007159412,0.0037214684,-0.00032793594,0.0014293792,0.18034762,-0.108838424
-0.007144004,0.003754639,0.0013002628,0.00040808396,0.18022001,-0.108937554
-0.0071015996,0.0037871161,0.0029824472,-0.0006452758,0.17959072,-0.108768836
-0.007042678,0.0038110465,0.0046090726,-0.0016414478,0.17863849,-0.10843124
-0.006965582,0.0038230456,0.006548311,-0.0028182885,0.17723906,-0.10776991
-0.006884409,0.0038191394,0.008187154,-0.0038187327,0.17565016,-0.106969
-0.0067866584,0.0037978543,0.009814,-0.0047995076,0.17350769,-0.10579975
-0.006667565,0.003752821,0.01151853,-0.005812914,0.1706629,-0.10415173
-0.0065416223,0.0036786238,0.0132650435,-0.006857316,0.16742632,-0.1021888
-0.006370709,0.0036274774,0.014988303,-0.00792169,0.16353244,-0.10000403
-0.0061970963,0.0035758677,0.016566351,-0.008902215,0.15960342,-0.097809926
-0.0060049696,0.0035041494,0.018168563,-0.009896691,0.15520981,-0.09525133
-0.0058377623,0.003395223,0.019626524,-0.010762684,0.15089773,-0.09253013
-0.0056091975,0.0032956416,0.021122897,-0.011706388,0.14540656,-0.08924141
-0.005377857,0.0032079932,0.02244229,-0.012571745,0.13992363,-0.08605742
-0.0051255263,0.003100497,0.023755452,-0.013401956,0.13371342,-0.08242638
-0.0048623723,0.002961694,0.025095703,-0.014218418,0.12693377,-0.0783409
-0.004578044,0.0028333382,0.026384687,-0.015004284,0.11986076,-0.074144855
-0.00429725,0.002685372,0.02756004,-0.01569043,0.11282259,-0.06984429
-0.004010465,0.0025493663,0.028633367,-0.016395343,0.1057387,-0.06563677
-0.003693648,0.0023706595,0.029695602,-0.017050592,0.09762996,-0.060727987
-0.0033790686,0.0022211138,0.030586693,-0.017616685,0.08992961,-0.056165237
-0.0030434998,0.002058133,0.03146891,-0.018190475,0.08157733,-0.051255655
-0.0027393491,0.0019095176,0.032178238,-0.018656638,0.07399674,-0.0467568
-0.0023880694,0.0017340026,0.03286347,-0.019084275,0.065180235,-0.041461088
-0.0020552303,0.0015587868,0.033450097,-0.019447602,0.0567547,-0.036350686
-0.0017007791,0.0013853047,0.03393744,-0.019743392,0.047907203,-0.031007199
-0.0013296121,0.0012057606,0.034406777,-0.020016447,0.03871098,-0.025436245
-0.0009640686,0.0010211887,0.0346781,-0.020171007,0.02952727,-0.019875934
-0.0006019593,0.00080722733,0.034960967,-0.020307053,0.020096656,-0.014054624
-0.0002684081,0.0005672728,0.035119902,-0.020324674,0.011046703,-0.008317739
7.77848e-05,0.00036327372,0.035205,-0.02037184,0.0021393318,-0.0028849137
0.00040759554,0.00013235061,0.0352173,-0.020312473,-0.006752113,0.0026696036
0.00078785187,-5.829397e-05,0.0351246,-0.020270905,-0.01623291,0.008348356
0.0011588433,-0.00025353735,0.034910657,-0.020155111,-0.025558319,0.013974029
0.001502264,-0.00042014915,0.03459272,-0.019988839,-0.034044534,0.019049373
0.0018326342,-0.0005972595,0.03420991,-0.019748343,-0.042387374,0.024091847
0.0021800406,-0.00076099136,0.033762146,-0.019496802,-0.05102128,0.029241683
0.0025213615,-0.00093285553,0.03315242,-0.019102737,-0.05961513,0.03442634
0.0028903661,-0.001140755,0.032506984,-0.018670801,-0.06915171,0.04023865
0.0032149965,-0.0013105803,0.031804413,-0.018241813,-0.07743405,0.04523289
0.0035484398,-0.0014677697,0.030912979,-0.01772399,-0.08577908,0.050158937
0.0038716493,-0.0016379599,0.029973933,-0.017144285,-0.0940636,0.05509107
0.0041736667,-0.0017747217,0.029019803,-0.016586319,-0.10156783,0.059478227
0.0044776807,-0.0019182491,0.027927905,-0.015915247,-0.10917086,0.06393756
0.00476717,-0.002044272,0.026776075,-0.0152104385,-0.11628322,0.06808439
0.005047204,-0.0021616095,0.025629435,-0.014518013,-0.123043925,0.07204674
0.0053249723,-0.0022925045,0.024383249,-0.0137353055,-0.12985566,0.07612453
0.0055661807,-0.0024303515,0.023165395,-0.012911626,-0.13592595,0.0798882
0.0057928157,-0.0025257913,0.021892834,-0.012156399,-0.14123908,0.08305764
0.006017775,-0.002623447,0.020429486,-0.011262786,-0.14657274,0.08625913
0.006234679,-0.0027094984,0.018880472,-0.010302321,-0.1516868,0.08927721
0.0064088004,-0.0028099173,0.017339123,-0.009224014,-0.15611967,0.09202439
0.006566681,-0.0029084971,0.015888011,-0.0081747435,-0.16032241,0.094616294
0.006732614,-0.0029641648,0.014263027,-0.007155826,-0.16430843,0.09682934
0.006870467,-0.0030317786,0.0125646135,-0.006003511,-0.16794363,0.09889041
0.0069813905,-0.003116699,0.010848872,-0.0048220665,-0.17116925,0.10081385
0.007104945,-0.0031829989,0.008950364,-0.0036282344,-0.17433703,0.102607034
0.0071857674,-0.0032310563,0.0070350277,-0.0023862992,-0.17632437,0.103757285
0.00726056,-0.003245423,0.005169333,-0.0012281127,-0.17776494,0.10448506
0.007320393,-0.0032326756,0.0033795538,-0.0001839551,-0.1786098,0.10481172
0.0073599303,-0.003222013,0.0014511183,0.0009932336,-0.17916447,0.10498065
0.007375227,-0.003212877,-0.00050667574,0.0022282915,-0.17929082,0.10498569
0.007398675,-0.003162371,-0.0025119649,0.0033769843,-0.17918608,0.10473391
0.0073892004,-0.0030886699,-0.0043205176,0.004423545,-0.17822058,0.10404536
0.007327492,-0.0030130884,-0.0060901367,0.005592084,-0.17640528,0.10288992
0.0072381557,-0.002913313,-0.007824708,0.006767336,-0.17390566,0.10121562
0.007145839,-0.0028031836,-0.009505785,0.00784827,-0.17116298,0.09928266
0.007026524,-0.0026982878,-0.01111632,0.00889087,-0.16770178,0.09697474
0.0069126105,-0.0025989583,-0.012746853,0.009965458,-0.16417338,0.09464448
0.006786443,-0.0024895773,-0.014448373,0.011085531,-0.16010788,0.09203035
0.0066426513,-0.0023522398,-0.01616642,0.012189729,-0.1554139,0.089020796
0.0064746207,-0.002214356,-0.017741704,0.013225078,-0.15041287,0.08586305
0.00626592,-0.0020578403,-0.019494709,0.014376951,-0.14464028,0.08219869
0.006048597,-0.0019072238,-0.02090192,0.015301663,-0.13894242,0.0785547
0.005849066,-0.0017102499,-0.022243733,0.016095847,-0.13321814,0.07466201
0.005621714,-0.0015073228,-0.023598723,0.01694427,-0.12684669,0.07040976
0.005361627,-0.0013074778,-0.024884216,0.017796122,-0.119781286,0.065871224
0.005128637,-0.0010912996,-0.026075542,0.01850637,-0.11300068,0.06144658
0.004859999,-0.0008869065,-0.027222559,0.019224687,-0.10543062,0.056707025
0.004583645,-0.0006841454,-0.028272929,0.019877633,-0.097662985,0.05191833
0.0043166177,-0.0004568932,-0.029186714,0.020413827,-0.08984453,0.046992686
0.004033085,-0.00024071112,-0.02987867,0.020847095,-0.08189022,0.04205776
0.0037200572,-3.0896976e-05,-0.030581266,0.021292381,-0.073522896,0.03692029
0.003370388,0.00020802273,-0.03137098,0.021791061,-0.06419828,0.03108278
0.0030298107,0.00045184873,-0.03197382,0.022180857,-0.05505221,0.025231859
0.0026989777,0.00071335747,-0.032515317,0.0224949,-0.045912955,0.01925485
0.0023641707,0.00095531007,-0.032955486,0.02276084,-0.03692349,0.013461002
0.0020351536,0.001230082,-0.0333631,0.022947015,-0.027701281,0.0073885377
0.0017252616,0.0014497985,-0.03356884,0.023062507,-0.019305002,0.0020673324
0.0014173562,0.0016996614,-0.03362006,0.02302532,-0.0107163135,-0.003483628
0.0011139873,0.0019076723,-0.033524625,0.022937117,-0.0026275872,-0.008595047
0.0007651778,0.0021494015,-0.03345019,0.022817161,0.006683235,-0.0144134825
0.00045592437,0.0023599854,-0.033321355,0.022669738,0.014831011,-0.019514069
0.000117476455,0.0025936665,-0.033013437,0.022416491,0.02389463,-0.025223915
-0.0002029377,0.0028628404,-0.03273103,0.022119073,0.033004005,-0.0311481
-0.00054592884,0.0030946273,-0.032414593,0.021879813,0.04221142,-0.036874935
-0.0008581511,0.0032958293,-0.03197028,0.0215394,0.050526805,-0.042028364
-0.0011887276,0.00351961,-0.03130551,0.021076178,0.05940246,-0.04757402
-0.0014798387,0.00372745,-0.03076218,0.020631233,0.067313,-0.052542754
-0.0017882605,0.003973532,-0.030043678,0.020085389,0.075811945,-0.058018647
-0.002088337,0.00422168,-0.029263258,0.019539094,0.084113285,-0.063383654
-0.002370663,0.004421879,-0.028455134,0.019028686,0.091547735,-0.06803393
-0.0026367737,0.004595006,-0.02749688,0.018416442,0.098412596,-0.072270714
-0.0029060903,0.0047741416,-0.026377004,0.017731914,0.105472825,-0.076724686
-0.00316473,0.004941192,-0.02508618,0.016928043,0.11224624,-0.08101237
-0.0034301318,0.005095064,-0.023859069,0.016151339,0.119118504,-0.08530207
-0.0036523673,0.005216579,-0.022771552,0.015427464,0.12476759,-0.08879339
-0.003880614,0.0053480132,-0.021422204,0.01450824,0.13071987,-0.09244538
-0.004116174,0.0054647587,-0.02022649,0.013699037,0.13683957,-0.09604735
-0.0043312027,0.005574928,-0.019007,0.012845278,0.14260907,-0.0993456
-0.0045134346,0.00567392,-0.017775882,0.011977179,0.14761408,-0.102145575
-0.0046667787,0.0057581635,-0.016483612,0.011066917,0.15181896,-0.10453926
-0.0047893915,0.0058536874,-0.0153736295,0.010251896,0.15551044,-0.106843784
-0.004927001,0.00595152,-0.01385529,0.009189176,0.15935008,-0.10927263
-0.005054692,0.005998577,-0.012641589,0.0083454065,0.16245733,-0.11110716
-0.005167678,0.0060488745,-0.011214356,0.007360094,0.1651502,-0.11274862
-0.005275472,0.0060866303,-0.0097031845,0.006318743,0.1674314,-0.114094034
-0.0053325407,0.0061761513,-0.00841626,0.0053578555,0.16922863,-0.11536912
-0.005385016,0.006224877,-0.0069109676,0.004319392,0.17054918,-0.116192274
-0.005454044,0.0062518828,-0.0054008407,0.0032828134,0.17206788,-0.117022894
-0.0055184457,0.0062686214,-0.0038564445,0.002244875,0.17337926,-0.11771085
-0.005557458,0.0062946775,-0.002157045,0.0010662643,0.1742294,-0.11820728
-0.005583594,0.0062902817,-0.00052631664,-3.9777908e-05,0.17453822,-0.11838085
-0.0056117084,0.0062647406,0.00091333454,-0.0010067148,0.17477442,-0.118460536
-0.005611063,0.006229651,0.002515087,-0.0020667904,0.174335,-0.118154846
-0.0055989153,0.006172404,0.0040216534,-0.0030602482,0.17356674,-0.117568664
-0.0055743754,0.0061070328,0.005735232,-0.004208337,0.1724947,-0.11676682
-0.005547128,0.0060273614,0.0073636025,-0.0053289887,0.1711347,-0.11571503
-0.005502634,0.0059433584,0.008950898,-0.006429521,0.16936682,-0.11441024
-0.005433193,0.0058489013,0.010491091,-0.0074922536,0.16702232,-0.11275219
-0.0053454824,0.0057472805,0.01204339,-0.008561798,0.16423278,-0.11085465
-0.005264626,0.005615027,0.013492235,-0.009546246,0.16136627,-0.108788595
-0.0051679416,0.005471483,0.014944049,-0.010549666,0.15811397,-0.10646294
-0.0050293296,0.0053218454,0.016452147,-0.011587456,0.15403341,-0.103671096
-0.004873681,0.0051516616,0.017979976,-0.012625602,0.14947377,-0.100524046
-0.0046923547,0.0049731825,0.01955446,-0.013660281,0.1443383,-0.09702275
-0.0045126025,0.0047878195,0.020937948,-0.014578158,0.13907447,-0.09339746
-0.0043301913,0.004609355,0.022197278,-0.015409362,0.13366425,-0.08975875
-0.004117836,0.0044176276,0.02342972,-0.016238902,0.12740853,-0.0856685
-0.0039039669,0.0042495723,0.024565708,-0.017051928,0.12131008,-0.08182159
-0.0036860148,0.004057347,0.025668576,-0.017822199,0.114942215,-0.07769737
-0.0034489601,0.0038525364,0.026721608,-0.01855845,0.10800081,-0.0732417
-0.0032159763,0.00363411,0.027685096,-0.019234043,0.10099695,-0.068702124
-0.0029509286,0.003399778,0.028642572,-0.019929033,0.09326069,-0.06363729
-0.0026850516,0.0031647887,0.029572934,-0.02056695,0.0855951,-0.05858126
-0.0024083091,0.0029202895,0.030398907,-0.021142293,0.07759081,-0.053334065
-0.0021168408,0.0026692057,0.03116847,-0.021641882,0.06931337,-0.047896516
-0.0018277554,0.0024400156,0.03174932,-0.02209923,0.06128888,-0.042747013
-0.0015326784,0.0021813181,0.032272525,-0.02248111,0.052776013,-0.037237074
-0.0012647926,0.0019237795,0.032689072,-0.022803795,0.044830292,-0.03201317
-0.0009751683,0.0016533149,0.033074256,-0.023104312,0.03630846,-0.026419226
-0.000663194,0.0013729173,0.033395827,-0.023354243,0.027250655,-0.020478891
-0.00035893073,0.0011103838,0.03361691,-0.023510525,0.018492527,-0.014775441
-5.03598e-05,0.0008424142,0.033760883,-0.023618013,0.009591711,-0.00897669
0.00026949673,0.0005611299,0.03379933,-0.023660615,0.00029956223,-0.0029281462
0.00060405646,0.00031426316,0.033733558,-0.02367918,-0.008947985,0.0029077968
0.00092619704,5.400192e-05,0.033604443,-0.023623163,-0.018131204,0.008774557
0.0012217492,-0.0002120774,0.0333838,-0.023518354,-0.026785344,0.014377855
0.0015465469,-0.0004948927,0.033054627,-0.023351703,-0.036258392,0.020477915
0.0018575428,-0.00076321734,0.032629006,-0.02313893,-0.045337718,0.026339594
0.0021415937,-0.001005796,0.032108765,-0.022858351,-0.053620107,0.031662215
0.0024217295,-0.0012459903,0.031508237,-0.022500135,-0.061864816,0.03695744
0.0027317859,-0.001501653,0.030783683,-0.022075305,-0.0708915,0.042720996
0.003007983,-0.0017580873,0.030079154,-0.021660091,-0.07909341,0.04807836
0.0032787088,-0.0020034784,0.029210972,-0.021125674,-0.08699965,0.05320305
0.0035703087,-0.0022580093,0.02822057,-0.020516774,-0.09540661,0.058597043
0.0038529553,-0.002494781,0.027206205,-0.019921692,-0.10336046,0.06371248
0.0040982305,-0.0027347442,0.026166081,-0.019307047,-0.11047383,0.06844967
0.0043607187,-0.0029887494,0.024839697,-0.018531451,-0.11804828,0.07347731
0.0045748767,-0.0031976355,0.023592014,-0.01778479,-0.12419583,0.077576794
0.004788789,-0.0033994303,0.02231105,-0.017018938,-0.1303386,0.08168154
0.004995692,-0.003595624,0.02103094,-0.0162506,-0.13630089,0.085696064
0.005181202,-0.0037699556,0.019736784,-0.015461405,-0.14160414,0.08927469
0.0053610266,-0.0039266096,0.018391505,-0.014633794,-0.14667799,0.09264411
0.005513424,-0.004088172,0.016994238,-0.013695629,-0.15134433,0.09582833
0.0056603462,-0.004236122,0.015424181,-0.01264612,-0.15586318,0.09883363
0.005785319,-0.004379338,0.013867579,-0.01162645,-0.15990715,0.10154362
0.005876308,-0.0045092325,0.012233471,-0.010560588,-0.1630709,0.103732936
0.005976704,-0.0046355044,0.010497428,-0.009435079,-0.16634609,0.1059537
0.0060681663,-0.0047722347,0.008694177,-0.008258001,-0.16945826,0.108169354
0.006139565,-0.0049088118,0.006860491,-0.007072455,-0.17214227,0.11018666
0.006188769,-0.005029155,0.0049192393,-0.0058423807,-0.17424086,0.11180895
0.006220144,-0.0051012654,0.0031221951,-0.0047252285,-0.17551258,0.112754576
0.0062131756,-0.0051835123,0.0012954609,-0.0035512967,-0.17615077,0.11346893
0.0061893095,-0.005257601,-0.00048423247,-0.0024181216,-0.1764027,0.11398513
0.00615171,-0.005301876,-0.0023026762,-0.001232152,-0.17609309,0.11411561
0.0061031897,-0.0053262403,-0.004129896,-7.03619e-05,-0.17539307,0.11398557
0.0060334704,-0.0053415257,-0.005974843,0.0011151038,-0.17417727,0.11358771
0.005949057,-0.0053446,-0.007808658,0.0023123778,-0.17255741,0.112924196
0.005851097,-0.005314748,-0.0098642865,0.0036536986,-0.17037259,0.111793704
0.0057309936,-0.0052771107,-0.01157641,0.004832338,-0.16754973,0.110266425
0.005617345,-0.005214732,-0.0133139435,0.005916174,-0.16440064,0.10838505
0.005470346,-0.005169365,-0.015111989,0.0071258424,-0.160791,0.10627345
0.005298709,-0.0051129316,-0.016726527,0.008217318,-0.15663308,0.10384344
0.0051059537,-0.0050410125,-0.01834203,0.009307579,-0.1519546,0.101102866
0.004901102,-0.0049263355,-0.020031486,0.010354312,-0.1466106,0.097844176
0.004679527,-0.004822139,-0.021507595,0.011339461,-0.14114094,0.09450538
0.0044225645,-0.00472738,-0.022977188,0.012365404,-0.13524203,0.09102108
0.0041624494,-0.004604312,-0.024377935,0.013288807,-0.12903537,0.087291926
0.0038639836,-0.0044917017,-0.025683451,0.014185398,-0.122189246,0.08338661
0.0035519311,-0.0043790387,-0.026961004,0.015049312,-0.1150523,0.07937442
0.0032266893,-0.0042498806,-0.028176377,0.015858345,-0.107329585,0.07496751
0.0029016233,-0.0041139014,-0.029312272,0.016587734,-0.0994151,0.070411466
0.002556562,-0.0039897054,-0.030323055,0.017273434,-0.091205426,0.06572448
0.0022525461,-0.0038472237,-0.03117149,0.017829131,-0.08363215,0.06119913
0.0019050112,-0.0036701562,-0.032052796,0.018394103,-0.07467525,0.05577054
0.0015834548,-0.0035063939,-0.03277851,0.01886592,-0.06644819,0.05076431
0.0012039798,-0.0033240553,-0.0334776,0.019364104,-0.056975733,0.044972323
0.00086093723,-0.0031492386,-0.033997692,0.019731576,-0.048294213,0.03960193
0.0005006183,-0.002937368,-0.034512747,0.020067502,-0.038949806,0.033757016
0.00012246499,-0.0027334155,-0.035014614,0.020444801,-0.029353969,0.027852613
-0.0002478381,-0.002507905,-0.035396393,0.020701451,-0.019586101,0.021735394
-0.00060475065,-0.0022952515,-0.035560526,0.020843856,-0.01022175,0.015908632
-0.000992266,-0.002068952,-0.035714235,0.020980846,-7.3428964e-05,0.009681562
-0.0013668031,-0.0018422271,-0.035732467,0.020986827,0.009730948,0.003683852
-0.0017077342,-0.0016640506,-0.03562812,0.020965831,0.01836516,-0.001457926
-0.002064816,-0.0014670918,-0.03545587,0.020890554,0.027506512,-0.0069256206
-0.0024426652,-0.0012857885,-0.035157036,0.020781305,0.036945898,-0.012422948
-0.002812619,-0.0011129127,-0.034703817,0.020575715,0.046163592,-0.017751854
-0.0031830496,-0.0008978819,-0.034252256,0.020296283,0.055736262,-0.023424754
-0.0035391422,-0.00070318964,-0.033749368,0.020019837,0.064751476,-0.028705299
-0.0038849772,-0.000500649,-0.03311591,0.01964128,0.073624074,-0.034023732
-0.0042499425,-0.00029094826,-0.032257296,0.019154282,0.08296223,-0.039705057
-0.004587227,-8.778433e-05,-0.031414155,0.018677378,0.09163866,-0.045040768
-0.004921922,8.828643e-05,-0.030485045,0.01817572,0.09992968,-0.05006812
-0.005221534,0.00023297226,-0.029530395,0.017642401,0.107147925,-0.05443627
-0.005473981,0.0003877554,-0.028507035,0.01699296,0.113473915,-0.058436066
-0.0057313936,0.00054222596,-0.027251735,0.016202945,0.11999252,-0.06259936
-0.006007843,0.00070608454,-0.026025463,0.015417389,0.12704065,-0.06705247
-0.006285348,0.0008726183,-0.024795897,0.01462968,0.13417049,-0.071459755
-0.0065290183,0.0010063625,-0.023609022,0.013859388,0.14027868,-0.07516229
-0.006774916,0.0011480071,-0.022198796,0.01295458,0.14664814,-0.07904097
-0.006975717,0.0012727319,-0.020801894,0.012068518,0.15194024,-0.08224852
-0.007172096,0.0013502784,-0.019439127,0.011250006,0.15673794,-0.084917195
-0.0073431493,0.0014578813,-0.01796233,0.010332532,0.16143215,-0.08771557
-0.0075228675,0.001544847,-0.016407704,0.009385613,0.16615108,-0.09042821
-0.0076562245,0.0016262865,-0.014740117,0.008346075,0.16987355,-0.09263446
-0.007810799,0.0016761661,-0.013135823,0.0073776706,0.17369731,-0.09473682
-0.007925472,0.001747459,-0.011845934,0.0065589296,0.17679092,-0.096643314
-0.008015969,0.0018039853,-0.010108395,0.0054585086,0.17904527,-0.098045446
-0.0081011085,0.0018649753,-0.0083398335,0.0043605026,0.18134974,-0.09945628
-0.008169381,0.0019029074,-0.0064560566,0.0032768243,0.18295982,-0.10041873
-0.00823632,0.0019613972,-0.00461981,0.0021790913,0.18480493,-0.10164036
-0.008275578,0.002003863,-0.003102392,0.0012713772,0.18590245,-0.102438815
-0.008301868,0.0020312504,-0.001305968,0.00019276365,0.18657637,-0.10292109
-0.008322151,0.0020082132,0.0004670512,-0.00081000826,0.18659024,-0.102887735
-0.0083184615,0.001994805,0.0021936812,-0.0018229134,0.1862174,-0.10274268
-0.0082894135,0.0019691552,0.004149893,-0.0029637914,0.18520865,-0.102214836
-0.008235513,0.001939519,0.0060619717,-0.0041164923,0.18374038,-0.10148144
-0.008145094,0.0019063122,0.007883007,-0.0052248207,0.18156338,-0.10036244
-0.008039321,0.0018401769,0.009744035,-0.006339993,0.17881884,-0.098788746
-0.007915507,0.0017705233,0.011475237,-0.007384272,0.17576146,-0.096973695
-0.0078063025,0.0016430584,0.0131397005,-0.00831608,0.17248932,-0.09469967
-0.00766678,0.0015633558,0.014737753,-0.009281478,0.16905019,-0.09252834
-0.0075216866,0.0014877657,0.016219739,-0.01017729,0.1654184,-0.090307064
-0.0073609366,0.0013748156,0.017726013,-0.011046099,0.16109727,-0.08755581
-0.007196706,0.001282142,0.019106472,-0.01187086,0.15677482,-0.08495623
-0.0069926777,0.0011841399,0.020580674,-0.01275983,0.15158537,-0.08188016
-0.0067730583,0.0010491896,0.022034766,-0.013629314,0.14563437,-0.07823931
-0.006524689,0.0009190921,0.023478935,-0.014520559,0.13922518,-0.074405104
-0.0062789703,0.0007839843,0.024804085,-0.015348698,0.1328838,-0.07062333
-0.006021119,0.00063920836,0.02603306,-0.016096773,0.12635697,-0.066641696
-0.005748587,0.0004924354,0.027189836,-0.016786583,0.119546376,-0.06250348
-0.0054435236,0.0003441844,0.028258413,-0.017438553,0.11191103,-0.05798672
-0.005172158,0.00019064313,0.029197829,-0.017932625,0.10500806,-0.053728543
-0.004886477,3.7988055e-05,0.030125245,-0.018417807,0.097837806,-0.04931561
-0.0045909765,-0.00011280735,0.030988736,-0.018907543,0.090345584,-0.044733297
-0.004291993,-0.00026070632,0.031755835,-0.019334363,0.082836136,-0.040128704
-0.003963593,-0.00043149074,0.03247124,-0.019716948,0.07449168,-0.034960978
-0.003598598,-0.00063799357,0.033175427,-0.020059548,0.065174125,-0.029084073
-0.0032747055,-0.0007991687,0.03362592,-0.020266507,0.057168946,-0.024131149
-0.0029423228,-0.0009674255,0.034053314,-0.020454917,0.048932534,-0.019093152
-0.0025823659,-0.0011596795,0.034472276,-0.020640261,0.039901998,-0.013572667
-0.002234492,-0.0013563791,0.034803223,-0.020797722,0.031059645,-0.008187853
-0.0018813448,-0.0015722311,0.035022154,-0.020870166,0.021921206,-0.0026128641
-0.0015178036,-0.0017693623,0.035202898,-0.020928027,0.012743573,0.002912198
-0.0011445523,-0.0019719338,0.035310578,-0.020948114,0.0033333884,0.008592249
-0.0007535333,-0.0021850502,0.03530754,-0.020875981,-0.0065040775,0.0145409275
-0.00041688,-0.0023832063,0.035159595,-0.020698378,-0.015219231,0.019840008
-5.2178788e-05,-0.0025759467,0.034919117,-0.020512395,-0.024523016,0.025418838
0.00031902338,-0.0027703566,0.03459841,-0.020279387,-0.03401077,0.031102011
0.0006698849,-0.0029493815,0.034206137,-0.020004466,-0.04292641,0.0364059
0.0010176942,-0.0031473418,0.03373573,-0.019636383,-0.05196852,0.04186336
0.0013565742,-0.0033118944,0.03313376,-0.019219365,-0.0604917,0.046873685
0.0017067867,-0.003484005,0.03247377,-0.01875473,-0.06928072,0.05205999
0.0020497434,-0.0036772878,0.03171689,-0.018178066,-0.07804211,0.05733551
0.0023768828,-0.0038360464,0.030877696,-0.017584072,-0.08612818,0.06210207
0.0026935113,-0.0040064002,0.029939342,-0.016908057,-0.09408481,0.06685767
0.0030137172,-0.0041647083,0.0289201,-0.016205303,-0.10199842,0.071533084
0.0033016752,-0.0043297466,0.02786931,-0.0153964,-0.109306924,0.07597759
0.0035632846,-0.004493369,0.026799388,-0.014553241,-0.11606293,0.08016401
0.0038122544,-0.0046072807,0.025716515,-0.013820132,-0.12207933,0.08376202
0.004068845,-0.0047205403,0.024410283,-0.012939178,-0.12831825,0.08750818
0.0043224357,-0.0048261187,0.023086544,-0.012053097,-0.134479,0.09117356
0.0045576612,-0.004919184,0.021748537,-0.011137513,-0.14024134,0.09455616
0.004754564,-0.0049865604,0.020459885,-0.010244152,-0.1449946,0.097281076
0.0049481997,-0.005056582,0.019013586,-0.0092451805,-0.14977026,0.10001212
0.005138188,-0.0051141162,0.017523687,-0.008233443,-0.15432252,0.10253338
0.005320587,-0.005166868,0.015900968,-0.007143912,-0.15870686,0.10492837
0.0054760915,-0.0052013188,0.014378867,-0.006112433,-0.16232467,0.10684671
0.0056150747,-0.0052338513,0.0127582,-0.0050082416,-0.16550477,0.10852267
0.005737628,-0.0052516777,0.011175792,-0.003940591,-0.16809075,0.1098237
0.005852373,-0.0052660177,0.009512017,-0.0028532897,-0.17041522,0.110965684
0.0059451163,-0.0052733836,0.00786974,-0.0017957665,-0.17225967,0.111844115
0.006042537,-0.005288201,0.005928077,-0.0005599469,-0.17436753,0.11292589
0.006103472,-0.0052697887,0.004130653,0.00056357204,-0.17544569,0.11333762
0.0061538164,-0.0052447566,0.0022204504,0.0016941747,-0.17625438,0.11360916
0.0061864723,-0.0052077505,0.00044037242,0.002775472,-0.17660086,0.11362788
0.006187556,-0.0051482073,-0.0012975557,0.003906693,-0.17611992,0.11309536
0.0061778924,-0.0050745555,-0.0029545838,0.0049985945,-0.17528598,0.1123032
0.006157007,-0.0049845027,-0.0047216667,0.0061452673,-0.17395246,0.111161284
0.0061083934,-0.004897152,-0.0063604717,0.0072885226,-0.17191295,0.109631516
0.006047137,-0.004793499,-0.008077207,0.008404638,-0.16930194,0.10775218
0.005971648,-0.004673796,-0.009789352,0.009482589,-0.16624294,0.10563905
0.0058832294,-0.0045406157,-0.011504515,0.010555105,-0.16292483,0.103391245
0.005776214,-0.0043998845,-0.013147553,0.011597385,-0.15933983,0.10098295
0.005628604,-0.0042380537,-0.014866061,0.012699654,-0.15491185,0.09798572
0.005459961,-0.004061618,-0.016527455,0.013746589,-0.15002804,0.09464291
0.005281728,-0.0038866359,-0.018029673,0.014711728,-0.14501376,0.091196775
0.005088953,-0.0037039183,-0.019511152,0.015662998,-0.1395212,0.08745638
0.0048714606,-0.0034896033,-0.021056999,0.016610457,-0.13298975,0.08312492
0.004670293,-0.003272365,-0.022471866,0.017460385,-0.1265686,0.07887004
0.004468506,-0.0030759377,-0.023760555,0.018267406,-0.12027158,0.0748016
0.0042237393,-0.0028647897,-0.025056206,0.01901882,-0.112814985,0.07014011
0.003969957,-0.002635197,-0.026307618,0.019731613,-0.105059326,0.06525593
0.0037107575,-0.0024025093,-0.027476784,0.02037321,-0.097202025,0.060308207
0.0034413391,-0.002179035,-0.028437842,0.020917349,-0.089335054,0.055379137
0.003150539,-0.0019348892,-0.029367898,0.021454215,-0.08101607,0.0500771
0.002856999,-0.0016843197,-0.030187009,0.02191621,-0.07262166,0.044646762
0.0025697732,-0.0014370984,-0.030909963,0.022310128,-0.064426504,0.03928462
0.0022903343,-0.0011894566,-0.031502318,0.022603974,-0.05638594,0.03395887
0.0020057703,-0.00094895496,-0.031925805,0.022832017,-0.04832709,0.028623162
0.0016869892,-0.00066857925,-0.03238531,0.023104686,-0.03920232,0.02261133
0.0013630424,-0.00036520686,-0.032806285,0.023347856,-0.029808693,0.016384263
0.0010468625,-8.4705505e-05,-0.03305715,0.023517929,-0.020872459,0.010482586
0.0007444774,0.0002056677,-0.033084936,0.023499144,-0.012180191,0.004686409
0.00040895073,0.00051110494,-0.03309989,0.023480548,-0.002628701,-0.0016161673
9.8343284e-05,0.0007891394,-0.03313153,0.023430154,0.0061778827,-0.0074559445
-0.00022623588,0.0010660181,-0.033162024,0.023371894,0.015287698,-0.01343587
-0.00057234586,0.0013568336,-0.033106852,0.023287252,0.025034312,-0.019765904
-0.00088817626,0.00157761,-0.03281396,0.02307845,0.033601664,-0.02518442
-0.0012288037,0.0017911291,-0.032481495,0.02285392,0.04261381,-0.030787868
-0.001534113,0.0020528655,-0.032109234,0.022489246,0.051323842,-0.036469914
-0.0018023661,0.0022922354,-0.031581704,0.022070462,0.059058715,-0.041541126
-0.0020544895,0.0025253093,-0.030955335,0.021588203,0.066421226,-0.04638175
-0.0023588191,0.0027752374,-0.030293263,0.021101631,0.07495593,-0.051894058
-0.002620426,0.0030183764,-0.029486725,0.020533824,0.08248506,-0.056878984
-0.0028795497,0.0032410063,-0.028600363,0.019958062,0.08978799,-0.061598122
-0.0031392996,0.0034920012,-0.02770001,0.019355366,0.0974184,-0.06667969
-0.0034296222,0.003717802,-0.026880119,0.01885873,0.1054223,-0.07177736
-0.0036746378,0.003945401,-0.025895773,0.018181894,0.11260744,-0.07646805
-0.0039010113,0.0041577,-0.024774179,0.017387483,0.11924421,-0.0807854
-0.004122672,0.0043643406,-0.02353786,0.016520418,0.1258207,-0.08501957
-0.004308278,0.0045508933,-0.022294352,0.015649261,0.13148063,-0.08871477
-0.004497185,0.0047281277,-0.020951377,0.014723157,0.13718283,-0.092399634
-0.0046959985,0.004885996,-0.019499818,0.013764085,0.14295831,-0.096015915
-0.0048600086,0.0050550043,-0.018024264,0.012751529,0.1481117,-0.099406935
-0.0050111557,0.005189332,-0.016513411,0.011746453,0.15262792,-0.10231863
-0.005124709,0.0053369408,-0.015326466,0.010894758,0.15648887,-0.10505102
-0.00524146,0.005455446,-0.013878148,0.009885462,0.1600353,-0.10747547
-0.005346744,0.0055819354,-0.01230701,0.008759642,0.16339435,-0.10981142
-0.005420932,0.0057034623,-0.010926518,0.0077358535,0.16605309,-0.11168769
-0.0055034156,0.005779157,-0.009394765,0.006678108,0.16835411,-0.11314933
-0.005559525,0.005852239,-0.007852763,0.0056107445,0.17012455,-0.1143464
-0.0056329705,0.0059097274,-0.0060113734,0.0043866523,0.17215587,-0.11552399
-0.005644905,0.005993448,-0.0043794154,0.0032652537,0.17319255,-0.11634915
-0.0056639314,0.006038276,-0.0027615032,0.0022243024,0.17394072,-0.11689517
-0.0056698103,0.0060942397,-0.0008891792,0.001032997,0.17441234,-0.11737077
-0.005675686,0.0061381343,0.00060728483,9.364691e-05,0.1747616,-0.11772354
-0.00567869,0.006148579,0.0021578309,-0.0008680766,0.17473552,-0.11771332
-0.005702459,0.0061621843,0.0043106396,-0.0022038226,0.17513876,-0.117931075
-0.005655205,0.006152018,0.0058814245,-0.0032262665,0.17403984,-0.11726007
-0.0055905473,0.0061338274,0.0074071116,-0.004244069,0.1726519,-0.11640814
-0.0054987837,0.006112299,0.009041296,-0.0053688465,0.17079516,-0.11534767
-0.0053993594,0.006077778,0.010491982,-0.006410527,0.16876513,-0.114214174
-0.005302593,0.0060031987,0.011940225,-0.007409831,0.16637982,-0.11274619
-0.005157033,0.005965605,0.013402344,-0.008496821,0.16335465,-0.111179456
-0.0050320085,0.005879878,0.014832716,-0.009496921,0.16018096,-0.10932655
-0.004876224,0.0058351974,0.016188832,-0.010508853,0.15664926,-0.10754276
-0.0047120443,0.0057936497,0.017482925,-0.011436548,0.15308309,-0.105613135
-0.0045658234,0.005689676,0.018789338,-0.012320289,0.14905342,-0.10313954
-0.0043799817,0.005595917,0.020098038,-0.013227177,0.14426163,-0.10028891
-0.004194376,0.005454597,0.02143977,-0.014096295,0.13895342,-0.09684451
-0.003967694,0.005372986,0.022645136,-0.014930145,0.13347885,-0.09356411
-0.003748625,0.0052209054,0.023860525,-0.0157411,0.12737136,-0.08967795
-0.0035141946,0.005057243,0.024993112,-0.016533375,0.120813526,-0.0856286
-0.0032635077,0.004911758,0.026012413,-0.017267806,0.11423597,-0.08166258
-0.0029896325,0.004769017,0.026976326,-0.018036835,0.10727928,-0.07760168
-0.002724415,0.004575383,0.027958805,-0.01872473,0.10003804,-0.07313643
-0.0024633205,0.004386146,0.028828753,-0.019361658,0.092925146,-0.068746015
-0.002151527,0.0042153746,0.029701015,-0.019967537,0.08504781,-0.06395012
-0.0018333135,0.0040395334,0.030516509,-0.020533547,0.077092655,-0.059050754
-0.0015435214,0.003841526,0.031230992,-0.021051984,0.06931276,-0.054142565
-0.0012807983,0.0036509258,0.031851884,-0.021506678,0.062096037,-0.049521893
-0.00093899807,0.0034332112,0.032483563,-0.022071173,0.053094197,-0.043786447
-0.00058132515,0.0031855167,0.03307039,-0.022524558,0.04341183,-0.037591215
-0.00026923988,0.0029467766,0.033465907,-0.022840677,0.034859404,-0.03199922
7.807338e-05,0.002707947,0.03375522,-0.02317415,0.025663365,-0.02610728
0.0003900482,0.0024616877,0.033961482,-0.023371583,0.017124243,-0.020547738
0.0007289486,0.0021844623,0.03407969,-0.023546698,0.007736736,-0.0144487
0.0010773403,0.0019090045,0.034092207,-0.02366811,-0.0018348306,-0.008322123
0.0014420992,0.0016176911,0.034034915,-0.023751939,-0.011927966,-0.0018694956
0.0017799588,0.0013687345,0.0338601,-0.023752002,-0.021170918,0.003927557
0.0021244686,0.0010956806,0.033577234,-0.023705414,-0.030877013,0.010060887
0.002440512,0.00085018645,0.03322592,-0.023577875,-0.039771184,0.015688106
0.0027530524,0.0006662259,0.032797772,-0.02346057,-0.04803267,0.020690417
0.003126751,0.0005437934,0.0321721,-0.023392446,-0.056952946,0.025723305
0.0034358744,0.00031088683,0.031551633,-0.023076583,-0.06566787,0.031162007
0.003725584,9.5724004e-05,0.030881438,-0.02271596,-0.073770896,0.03621683
0.004073947,-8.759413e-05,0.029981526,-0.02234407,-0.082799874,0.041536145
0.0044028955,-0.0003559596,0.029005693,-0.021807417,-0.09229169,0.047476538
0.0047253687,-0.00062530616,0.027901845,-0.021201951,-0.10163152,0.05336332
0.0050166943,-0.00079250324,0.026812121,-0.020625856,-0.109298155,0.057900544
0.0052654254,-0.0009969646,0.025718106,-0.019969856,-0.11640629,0.062400956
0.005508196,-0.001188219,0.024566608,-0.019280717,-0.12321593,0.06667775
0.005761165,-0.0013999739,0.023241164,-0.018488921,-0.13044783,0.071270116
0.005989163,-0.0015208626,0.022021595,-0.017872222,-0.13622274,0.074724674
0.0062124864,-0.0016188234,0.020761067,-0.017267916,-0.14164434,0.077914014
0.006449135,-0.0017820823,0.019221503,-0.01640128,-0.14793645,0.08193475
0.00664401,-0.0019195592,0.017752113,-0.015532751,-0.15306188,0.08532188
0.006763589,-0.0020463308,0.016863097,-0.014942971,-0.15653634,0.08779898
0.0069094226,-0.0021921254,0.015395528,-0.013980364,-0.16074455,0.09084607
0.0071044774,-0.0022710944,0.01364433,-0.01300976,-0.16531111,0.09371609
0.007262568,-0.0022808586,0.012479277,-0.012492345,-0.16845925,0.095481
0.007389278,-0.0024368684,0.010589407,-0.011241873,-0.17245823,0.09850382
0.007529167,-0.002543146,0.008514521,-0.009946018,-0.17633422,0.101218864
0.007649193,-0.0025366088,0.006991955,-0.009193336,-0.17873877,0.10246263
0.007710349,-0.0026107596,0.0053007486,-0.008103987,-0.18076397,0.10395997
0.0077957236,-0.002604929,0.0035633675,-0.0071843253,-0.18250367,0.10481974
0.0078955935,-0.002602353,0.0012656716,-0.00594855,-0.18456663,0.10586726
0.00797579,-0.0025614738,-0.00094834506,-0.004824232,-0.18579707,0.10617878
0.007981097,-0.0025652489,-0.002230906,-0.004045503,-0.18593527,0.1061643
0.007933549,-0.002629221,-0.0039411625,-0.0029660105,-0.18544988,0.105972394
0.007888884,-0.002649244,-0.005315578,-0.0020676337,-0.18468267,0.10544019
0.007862879,-0.0026226381,-0.0064143916,-0.0013851197,-0.18373518,0.104653165
0.0077797035,-0.0026719605,-0.007988699,-0.00045491828,-0.18251465,0.10399728
0.0077075134,-0.002719188,-0.009088917,0.00024581526,-0.18150447,0.10355904
0.0076305307,-0.0026663535,-0.010817834,0.0014139524,-0.17946558,0.102071635
0.007522937,-0.002587834,-0.012711166,0.002737193,-0.17647973,0.10016796
0.0073909704,-0.0025484685,-0.014050282,0.003753643,-0.17345896,0.09867979
0.0074297665,-0.0021812452,-0.016384384,0.004501996,-0.17005177,0.09553286
0.0072840196,-0.0020187998,-0.018241238,0.0057710754,-0.16530651,0.09282785
0.00707835,-0.0019683868,-0.019909142,0.006918898,-0.16069445,0.0906733
0.006824382,-0.0019413594,-0.02196634,0.008276796,-0.15529849,0.088140815
0.0067429375,-0.0018887196,-0.02237261,0.008641969,-0.15287644,0.08671583
0.0066680303,-0.0014844286,-0.024118623,0.009403055,-0.1471814,0.082029656
0.0067304387,-0.0016358389,-0.02374234,0.009185402,-0.15067579,0.084602565
0.006149137,-0.0018233862,-0.027122943,0.011372119,-0.14034788,0.08045123
